{"Patient_ID": 20475.5, "Hour": 18.5, "HR": 83.31643360029459, "O2Sat": 97.33633296685059, "Temp": 36.93855872173698, "SBP": 122.01587973339622, "MAP": 81.16207392449343, "DBP": 63.83055577034238, "Resp": 18.35, "EtCO2": 32.95765667291276, "BaseExcess": -0.6899191871174759, "HCO3": 24.07548056221935, "FiO2": 0.5548386348703278, "pH": 7.378934026196172, "PaCO2": 41.02186880800916, "SaO2": 92.6541877485485, "AST": 260.22338482309493, "BUN": 23.544736640169162, "Alkalinephos": 102.48366144100076, "Calcium": 7.585743666026923, "Chloride": 105.82790991400108, "Creatinine": 1.4817458048472625, "Bilirubin_direct": 1.8361772575250843, "Glucose": 135.82482317964838, "Lactate": 2.6466660232591814, "Magnesium": 2.050359365744529, "Phosphate": 3.5442376526861548, "Potassium": 4.130843737321317, "Bilirubin_total": 2.1140594615617316, "TroponinI": 8.29009945199919, "Hct": 30.80923830428167, "Hgb": 10.430832787915273, "PTT": 41.23119346156373, "WBC": 11.398266505463525, "Fibrinogen": 287.3857059168131, "Platelets": 196.01391078961922, "Age": 63.11, "Gender": 1.0, "Unit1": 0.49657112470087744, "Unit2": 0.5034288752991226, "HospAdmTime": -6.05, "ICULOS": 20.0, "Unnamed: 0": 25.4927445384323, "HR_diff": 0.02300885427652588, "O2Sat_diff": -0.003836729977898301, "Temp_diff": -0.0003688548262914537, "SBP_diff": 0.027684666201139407, "MAP_diff": -0.02391142117475198, "HR_rolling_mean": 83.86882338179103, "O2Sat_rolling_mean": 97.26680311366279, "Temp_rolling_mean": 36.95453817457125, "SBP_rolling_mean": 122.75869255827286, "MAP_rolling_mean": 81.77137975949822}