{"Unnamed: 0": 25.4927445384323, "Hour": 25.4927445384323, "HR": 84.58144338298742, "O2Sat": 97.19395453339597, "Temp": 36.9772282407954, "SBP": 123.7504653963777, "MAP": 82.40009988667639, "DBP": 63.83055577034238, "Resp": 18.72649785557987, "EtCO2": 32.95765667291276, "BaseExcess": -0.6899191871174759, "HCO3": 24.07548056221935, "FiO2": 0.5548386348703278, "pH": 7.378934026196172, "PaCO2": 41.02186880800916, "SaO2": 92.6541877485485, "AST": 260.22338482309493, "BUN": 23.91545210569777, "Alkalinephos": 102.48366144100076, "Calcium": 7.557530849328269, "Chloride": 105.82790991400108, "Creatinine": 1.5106993531749389, "Bilirubin_direct": 1.8361772575250843, "Glucose": 136.93228328989588, "Lactate": 2.6466660232591814, "Magnesium": 2.0514502149033684, "Phosphate": 3.5442376526861548, "Potassium": 4.135527970939282, "Bilirubin_total": 2.1140594615617316, "TroponinI": 8.29009945199919, "Hct": 30.794093340027523, "Hgb": 10.430832787915273, "PTT": 41.23119346156373, "WBC": 11.446405019759268, "Fibrinogen": 287.3857059168131, "Platelets": 196.01391078961922, "Age": 62.00946887985516, "Gender": 0.5592690422043409, "Unit1": 0.49657112470087744, "Unit2": 0.5034288752991226, "HospAdmTime": -56.125121768945036, "ICULOS": 26.994992301299437, "SepsisLabel": 0.01798467990800214, "Patient_ID": 59201.47970506568}